{"cameraMode":{"drawMode":0,"name":"Shaded","section":"Shading Mode"},"sceneLighting":true,"audioPlay":false,"sceneViewState":{"showFog":true,"showMaterialUpdate":false,"showSkybox":true,"showFlares":true,"showImageEffects":true,"showParticleSystems":true,"showVisualEffectGraphs":true,"m_FxEnabled":true},"in2DMode":false,"pivot":{"x":-3.1727523803710939,"y":0.9360628128051758,"z":3.3911685943603517},"rotation":{"x":-0.10150278359651566,"y":0.8513233661651611,"z":-0.17905987799167634,"w":-0.4825858175754547},"size":12.014570236206055,"orthographic":false}