{"cameraMode":{"drawMode":0,"name":"Shaded","section":"Shading Mode"},"sceneLighting":true,"audioPlay":false,"sceneViewState":{"showFog":true,"showMaterialUpdate":false,"showSkybox":true,"showFlares":true,"showImageEffects":true,"showParticleSystems":true,"showVisualEffectGraphs":true,"m_FxEnabled":true},"in2DMode":false,"pivot":{"x":3.1007182598114015,"y":0.7671131491661072,"z":-2.428112030029297},"rotation":{"x":-0.02879798412322998,"y":-0.02544652670621872,"z":0.000700058473739773,"w":-0.9992935657501221},"size":3.0723323822021486,"orthographic":false}