{"cameraMode":{"drawMode":0,"name":"Shaded","section":"Shading Mode"},"sceneLighting":false,"audioPlay":false,"sceneViewState":{"showFog":true,"showMaterialUpdate":false,"showSkybox":true,"showFlares":true,"showImageEffects":true,"showParticleSystems":true,"showVisualEffectGraphs":true,"m_FxEnabled":true},"in2DMode":false,"pivot":{"x":-31.31656265258789,"y":-1.4048452377319337,"z":11.538288116455079},"rotation":{"x":0.12358903884887696,"y":0.19278696179389954,"z":-0.024430833756923677,"w":0.9731735587120056},"size":7.209481239318848,"orthographic":false}